package,type,failed_stage,main_category,sub_category,owner_side,action,rule_name,missing_header,missing_package,missing_library,missing_command,error_excerpt,error_hit_count,matched_patterns,ai_rounds_used,ai_packages_installed,ai_final_status
libclone-perl,perl,build,依赖缺失,头文件缺失,测试环境侧,安装提供该头文件的 -dev 包,dependency_header_missing,crypt.h,,,,"In file included from /usr/lib/x86_64-linux-gnu/perl/5.40/CORE/op.h:700, \n from /usr/lib/x86_64-linux-gnu/perl/5.40/CORE/perl.h:4549, \n from Clone.xs:4: \n /usr/lib/x86_64-linux-gnu/perl/5.40/CORE/reentr.h:126:16: fatal error: crypt.h: No such file or directory \n 126 | # include <crypt.h> \n | ^~~~~~~~~ \n compilation terminated.",2,fatal error: .*\.h(?:pp|xx|\+\+)?: No such file or directory,,,
libdisplay-info,meson,configure,依赖缺失,Meson 依赖未找到,测试环境侧,安装对应的 -dev 开发包，或关闭对应可选功能,dependency_meson_missing,,hwdata,,,Found CMake: /usr/bin/cmake (4.3.2) \n Build-time dependency hwdata found: NO (tried pkg-config and cmake) \n meson.build:24:11: ERROR: File /usr/share/hwdata/pnp.ids does not exist. \n A full log can be found at /tmp/libdisplay-info.aBLpJR/build/meson/meson-logs/meson-log.txt,1,Build-time dependency .* found: NO,,,
cryptsetup,meson,configure,依赖缺失,文档或手册生成工具缺失,测试环境侧,安装文档工具，或通过构建参数关闭文档生成,doc_tool_missing,,,,,"Header ""fcntl.h"" has symbol ""O_CLOEXEC"" : YES \n Program asciidoctor found: NO \n meson.build:130:4: ERROR: Problem encountered: Building man pages requires asciidoctor installed. \n A full log can be found at /tmp/cryptsetup.hgN5bx/build/meson/meson-logs/meson-log.txt",1,asciidoctor,,,
efivar,makefile,build,依赖缺失,头文件缺失,测试环境侧,安装提供该头文件的 -dev 包,dependency_header_missing,openssl/x509.h,,,,In file included from sbchooser-x509.c:7: \n sbchooser.h:28:10: fatal error: openssl/x509.h: No such file or directory \n 28 | #include <openssl/x509.h> \n | ^~~~~~~~~~~~~~~~ \n compilation terminated. \n In file included from sbchooser-db.c:7: \n sbchooser.h:28:10: fatal error: openssl/x509.h: No such file or directory \n 28 | #include <openssl/x509.h> \n | ^~~~~~~~~~~~~~~~ \n compilation terminated. \n In file included from authenticode.c:7: \n sbchooser.h:28:10: fatal error: openssl/x509.h: No such file or directory \n 28 | #include <openssl/x509.h> \n | ^~~~~~~~~~~~~~~~ \n compilation terminated.,14,fatal error: .*\.h(?:pp|xx|\+\+)?: No such file or directory,,,
libical3,cmake,configure,构建系统问题,CMake 配置语法或参数错误,构建配置侧,检查 CMakeLists.txt 或传入的 -D 参数,cmake_config_error,,,,,"-- The C compiler identification is GNU 15.2.0 \n -- The CXX compiler identification is GNU 15.2.0 \n CMake Error at CMakeLists.txt:274 (message): \n Building the Java bindings is not possible since a Java compiler could not \n be found. Please install a Java compiler and try again. Otherwise, \n disable Java binding generation using the -DLIBICAL_JAVA_BINDINGS=False \n CMake option.",0,CMake Error at ; Configuring incomplete,,,
evolution-data-server,cmake,configure,构建系统问题,CMake 配置语法或参数错误,构建配置侧,检查 CMakeLists.txt 或传入的 -D 参数,cmake_config_error,,,,,"CMake Error at cmake/modules/GLibTools.cmake:57 (message): \n Cannot find glib-mkenums, which is required to build evolution-data-server \n Call Stack (most recent call first): \n CMakeLists.txt:282 (include)",1,CMake Error at ; Configuring incomplete,,,
udisks2,autotools-autogen,prepare,依赖缺失,文档或手册生成工具缺失,测试环境侧,安装文档工具，或通过构建参数关闭文档生成,doc_tool_missing,,,,,./autogen.sh: 18: gtkdocize: not found,1,gtkdoc,,,
libcompress-raw-bzip2-perl,perl,build,依赖缺失,头文件缺失,测试环境侧,安装提供该头文件的 -dev 包,dependency_header_missing,crypt.h,,,,"In file included from /usr/lib/x86_64-linux-gnu/perl/5.40/CORE/op.h:700, \n from /usr/lib/x86_64-linux-gnu/perl/5.40/CORE/perl.h:4549, \n from Bzip2.xs:14: \n /usr/lib/x86_64-linux-gnu/perl/5.40/CORE/reentr.h:126:16: fatal error: crypt.h: No such file or directory \n 126 | # include <crypt.h> \n | ^~~~~~~~~ \n compilation terminated.",2,fatal error: .*\.h(?:pp|xx|\+\+)?: No such file or directory,,,
libcompress-raw-zlib-perl,perl,build,依赖缺失,头文件缺失,测试环境侧,安装提供该头文件的 -dev 包,dependency_header_missing,crypt.h,,,,"In file included from /usr/lib/x86_64-linux-gnu/perl/5.40/CORE/op.h:700, \n from /usr/lib/x86_64-linux-gnu/perl/5.40/CORE/perl.h:4549, \n from Zlib.xs:31: \n /usr/lib/x86_64-linux-gnu/perl/5.40/CORE/reentr.h:126:16: fatal error: crypt.h: No such file or directory \n 126 | # include <crypt.h> \n | ^~~~~~~~~ \n compilation terminated.",2,fatal error: .*\.h(?:pp|xx|\+\+)?: No such file or directory,,,
tcl8.6,cmake,configure,构建系统问题,CMake 配置语法或参数错误,构建配置侧,检查 CMakeLists.txt 或传入的 -D 参数,cmake_config_error,,,,,"CMake Error: The source directory ""/home/work/graduation-ci-lab/sources/tcl8.6"" does not appear to contain CMakeLists.txt. \n Specify --help for usage, or press the help button on the CMake GUI.",1,CMake Error:,,,
libgweather4,meson,configure,依赖缺失,构建工具或命令缺失,测试环境侧,安装提供该命令的软件包,tool_missing,,,,g-ir-scanner,Program pylint-3 pylint3 pylint found: NO \n Program g-ir-scanner found: NO \n meson.build:51:15: ERROR: Program 'g-ir-scanner' not found or not executable \n A full log can be found at /tmp/libgweather4.VksdP1/build/meson/meson-logs/meson-log.txt,1,Program .* not found,,,
ghostscript,cmake,configure,构建系统问题,CMake 配置语法或参数错误,构建配置侧,检查 CMakeLists.txt 或传入的 -D 参数,cmake_config_error,,,,,"CMake Error: The source directory ""/home/work/graduation-ci-lab/sources/ghostscript"" does not appear to contain CMakeLists.txt. \n Specify --help for usage, or press the help button on the CMake GUI.",1,CMake Error:,,,
exiv2,cmake,configure,依赖缺失,CMake 包未找到,测试环境侧,安装对应的 -dev 开发包，或检查 CMAKE_PREFIX_PATH,dependency_cmake_missing,,ZLIB,,,CMake Error at /usr/share/cmake-4.3/Modules/FindPackageHandleStandardArgs.cmake:290 (message): \n Could NOT find ZLIB (missing: ZLIB_LIBRARY ZLIB_INCLUDE_DIR) \n Call Stack (most recent call first): \n /usr/share/cmake-4.3/Modules/FindPackageHandleStandardArgs.cmake:654 (_FPHSA_FAILURE_MESSAGE) \n /usr/share/cmake-4.3/Modules/FindZLIB.cmake:242 (find_package_handle_standard_args) \n cmake/findDependencies.cmake:46 (find_package) \n CMakeLists.txt:84 (include),1,Could NOT find,,,
kcoreaddons,cmake,configure,依赖缺失,CMake 包未找到,测试环境侧,安装对应的 -dev 开发包，或检查 CMAKE_PREFIX_PATH,dependency_cmake_missing,,ECM,,,"-- Could NOT find ECM (missing: ECM_DIR) \n * ECM (required version >= 6.26.0), Extra CMake Modules., <https://commits.kde.org/extra-cmake-modules> \n CMake Error at /usr/share/cmake-4.3/Modules/FeatureSummary.cmake:869 (message): \n feature_summary() Error: REQUIRED package(s) are missing, aborting CMake \n run. \n Call Stack (most recent call first): \n CMakeLists.txt:9 (feature_summary)",2,Could NOT find,,,
modemmanager,meson,configure,依赖缺失,Meson 依赖未找到,测试环境侧,安装对应的 -dev 开发包，或关闭对应可选功能,dependency_meson_missing,,gio-unix-2.0,,,"Found CMake: /usr/bin/cmake (4.3.2) \n Run-time dependency gio-unix-2.0 found: NO (tried pkg-config and cmake) \n meson.build:151:15: ERROR: Dependency ""gio-unix-2.0"" not found (tried pkg-config and cmake) \n A full log can be found at /tmp/modemmanager.jAJgYl/build/meson/meson-logs/meson-log.txt",1,Run-time dependency .* found: NO ; Dependency .* not found,,,
libhtml-parser-perl,perl,build,依赖缺失,头文件缺失,测试环境侧,安装提供该头文件的 -dev 包,dependency_header_missing,crypt.h,,,,"In file included from /usr/lib/x86_64-linux-gnu/perl/5.40/CORE/op.h:700, \n from /usr/lib/x86_64-linux-gnu/perl/5.40/CORE/perl.h:4549, \n from Parser.xs:11: \n /usr/lib/x86_64-linux-gnu/perl/5.40/CORE/reentr.h:126:16: fatal error: crypt.h: No such file or directory \n 126 | # include <crypt.h> \n | ^~~~~~~~~ \n compilation terminated.",2,fatal error: .*\.h(?:pp|xx|\+\+)?: No such file or directory,,,
bluez,autotools-bootstrap,configure,未分类错误,规则未覆盖,待人工判断,保留日志片段，后续补充分类规则,unclassified,,,,,checking for objdir... .libs \n checking if gcc supports -fno-rtti -fno-exceptions... no \n checking for gcc option to produce PIC... -fPIC -DPIC \n checking if gcc supports -c -o file.o... (cached) yes \n checking whether -lc should be explicitly linked in... no \n checking dynamic linker characteristics... GNU/Linux ld.so \n checking how to hardcode library paths into programs... immediate \n checking whether to build static libraries... no,3,,,,
kconfig,cmake,configure,依赖缺失,CMake 包未找到,测试环境侧,安装对应的 -dev 开发包，或检查 CMAKE_PREFIX_PATH,dependency_cmake_missing,,ECM,,,"-- Could NOT find ECM (missing: ECM_DIR) \n * ECM (required version >= 6.26.0), Extra CMake Modules., <https://commits.kde.org/extra-cmake-modules> \n CMake Error at /usr/share/cmake-4.3/Modules/FeatureSummary.cmake:869 (message): \n feature_summary() Error: REQUIRED package(s) are missing, aborting CMake \n run. \n Call Stack (most recent call first): \n CMakeLists.txt:9 (feature_summary)",2,Could NOT find,,,
libxfce4util,meson,configure,依赖缺失,Meson 依赖未找到,测试环境侧,安装对应的 -dev 开发包，或关闭对应可选功能,dependency_meson_missing,,glib-2.0,,,"Found CMake: /usr/bin/cmake (4.3.2) \n Run-time dependency glib-2.0 found: NO (tried pkg-config and cmake) \n meson.build:29:7: ERROR: Dependency ""glib-2.0"" not found (tried pkg-config and cmake) \n A full log can be found at /tmp/libxfce4util.ruwimb/build/meson/meson-logs/meson-log.txt",1,Run-time dependency .* found: NO ; Dependency .* not found,,,
libbytesize,autotools-autogen,configure,依赖缺失,头文件缺失,测试环境侧,安装提供该头文件的 -dev 包,dependency_header_missing,,,,,*** Libbytesize encountered the following issues during configuration: \n Package 'libpcre2-8' not found \n Header file gmp.h not found. \n *** Libbytesize will not successfully build without these missing dependencies,5,header .* not found,,,
libgphoto2,meson,configure,依赖缺失,Meson 依赖未找到,测试环境侧,安装对应的 -dev 开发包，或关闭对应可选功能,dependency_meson_missing,,libxml-2.0,,,"Found CMake: /usr/bin/cmake (4.3.2) \n Run-time dependency libxml-2.0 found: NO (tried pkg-config and cmake) \n meson.build:66:14: ERROR: Dependency ""libxml-2.0"" not found (tried pkg-config and cmake) \n A full log can be found at /tmp/libgphoto2.eTWnXm/build/meson/meson-logs/meson-log.txt",1,Run-time dependency .* found: NO ; Dependency .* not found,,,
geocode-glib,meson,configure,依赖缺失,Meson 依赖未找到,测试环境侧,安装对应的 -dev 开发包，或关闭对应可选功能,dependency_meson_missing,,glib-2.0,,glib-mkenums,Build-time dependency glib-2.0 found: NO (tried pkg-config and cmake) \n Program glib-mkenums found: NO \n geocode-glib/meson.build:15:26: ERROR: Program 'glib-mkenums' not found or not executable \n A full log can be found at /tmp/geocode-glib.6e5Q2q/build/meson/meson-logs/meson-log.txt,1,Build-time dependency .* found: NO,,,
totem-pl-parser,meson,configure,依赖缺失,Meson 依赖未找到,测试环境侧,安装对应的 -dev 开发包，或关闭对应可选功能,dependency_meson_missing,,glib-2.0,,,"Found CMake: /usr/bin/cmake (4.3.2) \n Run-time dependency glib-2.0 found: NO (tried pkg-config and cmake) \n meson.build:38:11: ERROR: Dependency ""glib-2.0"" not found (tried pkg-config and cmake) \n A full log can be found at /tmp/totem-pl-parser.y57GiF/build/meson/meson-logs/meson-log.txt",1,Run-time dependency .* found: NO ; Dependency .* not found,,,
jbig2dec,autotools-autogen,test,测试阶段失败,单元测试或集成测试失败,软件包源码侧,查看失败用例，判断是环境限制还是软件自身问题,test_failure,,,,,"make[1]: Entering directory '/home/work/graduation-ci-lab/sources/jbig2dec' \n make[2]: Entering directory '/home/work/graduation-ci-lab/sources/jbig2dec' \n PASS: test_sha1 \n FAIL: test_jbig2dec.py \n PASS: test_huffman \n PASS: test_arith \n ============================================================================ \n Testsuite summary for jbig2dec 0.20 \n ============================================================================ \n # TOTAL: 4 \n # PASS: 3 \n # SKIP: 0 \n # XFAIL: 0 \n # FAIL: 1 \n # XPASS: 0 \n # ERROR: 0 \n ============================================================================ \n See ./test-suite.log for debugging. \n Some test(s) failed. Please report this to gs-devel@ghostscript.com,",7,FAIL:,,,
hidapi,cmake,configure,构建系统问题,CMake 配置语法或参数错误,构建配置侧,检查 CMakeLists.txt 或传入的 -D 参数,cmake_config_error,,,,,-- Package 'libudev' not found \n CMake Error at /usr/share/cmake-4.3/Modules/FindPkgConfig.cmake:1093 (message): \n The following required packages were not found: \n - libudev \n Call Stack (most recent call first): \n /usr/share/cmake-4.3/Modules/FindPkgConfig.cmake:1166 (_pkg_check_modules_internal) \n linux/CMakeLists.txt:10 (pkg_check_modules),2,CMake Error at ; Configuring incomplete,,,
plasma-activities,cmake,configure,依赖缺失,CMake 包未找到,测试环境侧,安装对应的 -dev 开发包，或检查 CMAKE_PREFIX_PATH,dependency_cmake_missing,,,,,"CMake Error at CMakeLists.txt:14 (find_package): \n Could not find a package configuration file provided by ""ECM"" (requested \n version 6.24.0) with any of the following names: \n ECM.cps \n ecm.cps \n ECMConfig.cmake \n ecm-config.cmake \n Add the installation prefix of ""ECM"" to CMAKE_PREFIX_PATH or set ""ECM_DIR"" \n to a directory containing one of the above files. If ""ECM"" provides a \n separate development package or SDK, be sure it has been installed.",1,Could NOT find ; Could not find a package configuration file,,,
qt6-speech,cmake,configure,依赖缺失,CMake 包未找到,测试环境侧,安装对应的 -dev 开发包，或检查 CMAKE_PREFIX_PATH,dependency_cmake_missing,,,,,"CMake Error at CMakeLists.txt:16 (find_package): \n Could not find a package configuration file provided by ""Qt6"" (requested \n version 6.12.0) with any of the following names: \n Qt6.cps \n qt6.cps \n Qt6Config.cmake \n qt6-config.cmake \n Add the installation prefix of ""Qt6"" to CMAKE_PREFIX_PATH or set ""Qt6_DIR"" \n to a directory containing one of the above files. If ""Qt6"" provides a \n separate development package or SDK, be sure it has been installed.",1,Could NOT find ; Could not find a package configuration file,,,
gssdp,meson,configure,依赖缺失,Meson 依赖未找到,测试环境侧,安装对应的 -dev 开发包，或关闭对应可选功能,dependency_meson_missing,,glib-2.0,,,"Found CMake: /usr/bin/cmake (4.3.2) \n Run-time dependency glib-2.0 found: NO (tried pkg-config and cmake) \n meson.build:76:4: ERROR: Dependency ""glib-2.0"" not found (tried pkg-config and cmake) \n A full log can be found at /tmp/gssdp.QRdpSW/build/meson/meson-logs/meson-log.txt",1,Run-time dependency .* found: NO ; Dependency .* not found,,,
libnet-ssleay-perl,perl,configure,依赖缺失,CMake 包未找到,测试环境侧,安装对应的 -dev 开发包，或检查 CMAKE_PREFIX_PATH,dependency_cmake_missing,,,,,"Perl, and Net::SSLeay. \n ****************************************************************************** \n * COULD NOT FIND LIBSSL HEADERS * \n * * \n * The libssl header files are required to build Net-SSLeay, but they are * \n * missing from /usr. They would typically reside in /usr/include/openssl. * \n * * \n * If you are using the version of OpenSSL/LibreSSL packaged by your Linux * \n * distribution, you may need to install the corresponding ""development"" * \n * package via your package manager (e.g. libssl-dev for OpenSSL on Debian * \n * and Ubuntu, or openssl-devel for OpenSSL on Red Hat Enterprise Linux and * \n * Fedora). * \n ******************************************************************************",4,Could NOT find,,,
kf6-kbookmarks,cmake,configure,依赖缺失,CMake 包未找到,测试环境侧,安装对应的 -dev 开发包，或检查 CMAKE_PREFIX_PATH,dependency_cmake_missing,,ECM,,,"-- Could NOT find ECM (missing: ECM_DIR) \n * ECM (required version >= 6.26.0), Extra CMake Modules., <https://commits.kde.org/extra-cmake-modules> \n CMake Error at /usr/share/cmake-4.3/Modules/FeatureSummary.cmake:869 (message): \n feature_summary() Error: REQUIRED package(s) are missing, aborting CMake \n run. \n Call Stack (most recent call first): \n CMakeLists.txt:10 (feature_summary)",2,Could NOT find,,,
ki18n,cmake,configure,依赖缺失,CMake 包未找到,测试环境侧,安装对应的 -dev 开发包，或检查 CMAKE_PREFIX_PATH,dependency_cmake_missing,,ECM,,,"-- Could NOT find ECM (missing: ECM_DIR) \n * ECM (required version >= 6.26.0), Extra CMake Modules., <https://commits.kde.org/extra-cmake-modules> \n CMake Error at /usr/share/cmake-4.3/Modules/FeatureSummary.cmake:869 (message): \n feature_summary() Error: REQUIRED package(s) are missing, aborting CMake \n run. \n Call Stack (most recent call first): \n CMakeLists.txt:10 (feature_summary)",2,Could NOT find,,,
network-manager,meson,configure,依赖缺失,Meson 依赖未找到,测试环境侧,安装对应的 -dev 开发包，或关闭对应可选功能,dependency_meson_missing,,uuid,,,"Found CMake: /usr/bin/cmake (4.3.2) \n Run-time dependency uuid found: NO (tried pkg-config and cmake) \n meson.build:287:11: ERROR: Dependency ""uuid"" not found (tried pkg-config and cmake) \n A full log can be found at /tmp/network-manager.FtRW2Y/build/meson/meson-logs/meson-log.txt",1,Run-time dependency .* found: NO ; Dependency .* not found,,,
tk8.6,autotools-configure,configure,未分类错误,规则未覆盖,待人工判断,保留日志片段，后续补充分类规则,unclassified,,,,,chmod: cannot access './configure': No such file or directory \n /bin/bash: line 3: ./configure: No such file or directory,2,,,,
kf6-syndication,not_cloned,clone,环境与网络问题,网络、代理或仓库访问失败,测试环境侧,检查网络、代理、仓库地址和访问权限,network_or_proxy_error,,,,,"Cloning into '/home/work/graduation-ci-lab/sources/kf6-syndication'... \n fatal: unable to access 'https://invent.kde.org/frameworks/syndication/': GnuTLS, handshake failed: The TLS connection was non-properly terminated.",1,TLS connection was non-properly terminated,,,
libatasmart,meson,configure,依赖缺失,Meson 依赖未找到,测试环境侧,安装对应的 -dev 开发包，或关闭对应可选功能,dependency_meson_missing,,libudev,,,"Found CMake: /usr/bin/cmake (4.3.2) \n Run-time dependency libudev found: NO (tried pkg-config and cmake) \n src/atasmart/meson.build:6:11: ERROR: Dependency ""libudev"" not found (tried pkg-config and cmake) \n A full log can be found at /tmp/libatasmart.iRNu6I/build/meson/meson-logs/meson-log.txt",1,Run-time dependency .* found: NO ; Dependency .* not found,,,
kf6-attica,cmake,configure,依赖缺失,CMake 包未找到,测试环境侧,安装对应的 -dev 开发包，或检查 CMAKE_PREFIX_PATH,dependency_cmake_missing,,ECM,,,"-- Could NOT find ECM (missing: ECM_DIR) \n * ECM (required version >= 6.26.0), Extra CMake Modules., <https://commits.kde.org/extra-cmake-modules> \n CMake Error at /usr/share/cmake-4.3/Modules/FeatureSummary.cmake:869 (message): \n feature_summary() Error: REQUIRED package(s) are missing, aborting CMake \n run. \n Call Stack (most recent call first): \n CMakeLists.txt:10 (feature_summary)",2,Could NOT find,,,
kf6-knewstuff,cmake,configure,依赖缺失,CMake 包未找到,测试环境侧,安装对应的 -dev 开发包，或检查 CMAKE_PREFIX_PATH,dependency_cmake_missing,,ECM,,,"-- Could NOT find ECM (missing: ECM_DIR) \n * ECM (required version >= 6.26.0), Extra CMake Modules., <https://commits.kde.org/extra-cmake-modules> \n CMake Error at /usr/share/cmake-4.3/Modules/FeatureSummary.cmake:869 (message): \n feature_summary() Error: REQUIRED package(s) are missing, aborting CMake \n run. \n Call Stack (most recent call first): \n CMakeLists.txt:15 (feature_summary)",2,Could NOT find,,,
xmlsec1,autotools-autogen,configure,依赖缺失,链接库缺失,测试环境侧,安装对应的运行时库或 -dev 包,dependency_library_missing,,,installation...,,checking for libxml-2.0 >= 2.9.13... no \n checking for xml2-config... no \n checking for libxml2 library installation in the typical folders... not found \n checking for libxml2 library installation... not found \n checking for libxml2 library >= 2.9.13... no \n configure: error: libxml2 library >= 2.9.13 is required for this version of xmlsec1,4,library .* not found,,,
gupnp,meson,configure,依赖缺失,Meson 依赖未找到,测试环境侧,安装对应的 -dev 开发包，或关闭对应可选功能,dependency_meson_missing,,gssdp-1.6,,,"gssdp-1.6| Checking if ""android libc"" compiles: NO \n gssdp-1.6| Run-time dependency glib-2.0 found: NO (tried pkg-config and cmake) \n subprojects/gssdp-1.6/meson.build:76:4: ERROR: Dependency ""glib-2.0"" not found (tried pkg-config and cmake) \n A full log can be found at /tmp/gupnp.o3Rej9/build/meson/meson-logs/meson-log.txt",1,Run-time dependency .* found: NO ; Dependency .* not found,,,
libwnck3,meson,configure,依赖缺失,Meson 依赖未找到,测试环境侧,安装对应的 -dev 开发包，或关闭对应可选功能,dependency_meson_missing,,cairo-xlib-xrender,,,"Run-time dependency cairo-xlib-xrender found: NO (tried pkg-config and cmake) \n Run-time dependency glib-2.0 found: NO (tried pkg-config and cmake) \n meson.build:55:8: ERROR: Dependency ""glib-2.0"" not found (tried pkg-config and cmake) \n A full log can be found at /tmp/libwnck3.dGRE01/build/meson/meson-logs/meson-log.txt",1,Run-time dependency .* found: NO ; Dependency .* not found,,,
python-charset-normalizer,makefile,build,未分类错误,规则未覆盖,待人工判断,保留日志片段，后续补充分类规则,unclassified,,,,,,1,,,,
woff2,cmake,configure,构建系统问题,CMake 配置语法或参数错误,构建配置侧,检查 CMakeLists.txt 或传入的 -D 参数,cmake_config_error,,,,,"CMake Error at CMakeLists.txt:10 (cmake_minimum_required): \n Compatibility with CMake < 3.5 has been removed from CMake. \n Update the VERSION argument <min> value. Or, use the <min>...<max> syntax \n to tell CMake that the project requires at least <min> but has been updated \n to work with policies introduced by <max> or earlier. \n Or, add -DCMAKE_POLICY_VERSION_MINIMUM=3.5 to try configuring anyway.",0,CMake Error at ; Configuring incomplete,,,
libbpf,makefile,build,未分类错误,规则未覆盖,待人工判断,保留日志片段，后续补充分类规则,unclassified,,,,,,1,,,,
klibc,makefile,build,构建系统问题,make 汇总错误（根因未识别）,待人工判断,make 报错通常是其他根因引起，建议人工查看完整日志,make_aggregate_error,,,,,Install them by running: \n make headers_install INSTALL_HDR_PATH=/home/work/graduation-ci-lab/sources/klibc/linux \n in the kernel source directory.,1,make(\[\d+\])?: \*\*\* .* Error \d+,,,
zxcvbn-c,cmake,build,源码编译错误,语法错误或编译标志错误,软件包源码侧,记录为源码问题，可能是编译器版本或编译选项不兼容,source_syntax_error,,,,,"/home/work/graduation-ci-lab/sources/zxcvbn-c/zxcvbn.c:468:1: error: expected ‘}’ before ‘static’ \n 468 | static const uint8_t L33TChr[] = ""abcegilostxz""; \n | ^~~~~~ \n In file included from /home/work/graduation-ci-lab/sources/zxcvbn-c/zxcvbn.c:460: \n /tmp/zxcvbn-c.409BQn/build/cmake/dict-src.h:7:1: note: to match this ‘{’ \n 7 | { \n | ^ \n /home/work/graduation-ci-lab/sources/zxcvbn-c/zxcvbn.c:225:13: warning: ‘AddMatchRepeats’ defined but not used [-Wunused-function] \n 225 | static void AddMatchRepeats(ZxcMatch_t **Result, ZxcMatch_t *Match, const uint8_t *Passwd, int MaxLen) \n | ^~~~~~~~~~~~~~~ \n /home/work/graduation-ci-lab/sources/zxcvbn-c/zxcvbn.c:140:12: warning: ‘Cardinality’ defined but not used [-Wunused-function] \n 140 | static int Cardinality(const uint8_t *Str, int Len) \n | ^~~~~~~~~~~ \n /home/work/graduation-ci-lab/sources/zxcvbn-c/zxcvbn.c:113:23: warning: ‘CharBinSearch’ defined but not used [-Wunused-function] \n 113 | static const uint8_t *CharBinSearch(uint8_t Ch, const uint8_t *Ents, unsigned int NumEnts, unsigned int SizeEnt) \n | ^~~~~~~~~~~~~",9,error: expected .* before,,,
grub2,autotools-configure,configure,未分类错误,规则未覆盖,待人工判断,保留日志片段，后续补充分类规则,unclassified,,,,,chmod: cannot access './configure': No such file or directory \n /bin/bash: line 3: ./configure: No such file or directory,2,,,,
libcdio,autotools-autogen,prepare,构建系统问题,Autotools 宏或辅助脚本缺失,构建配置侧,补充 autotools 工具，或执行 autoreconf/bootstrap,autotools_macro_error,,,,,checking for pkg-config... /usr/bin/pkg-config \n checking for libcdio >= 2.0.0... no \n configure: error: Required libcdio library not found. Please get libcdio from http://www.gnu.org/software/libcdio/ and install it.,1,libtoolize ; config\.guess ; config\.sub ; install-sh,,,
vlc,cmake,configure,构建系统问题,CMake 配置语法或参数错误,构建配置侧,检查 CMakeLists.txt 或传入的 -D 参数,cmake_config_error,,,,,"CMake Error: The source directory ""/home/work/graduation-ci-lab/sources/vlc"" does not appear to contain CMakeLists.txt. \n Specify --help for usage, or press the help button on the CMake GUI.",1,CMake Error:,,,
ibus,meson,configure,构建系统问题,Meson 配置语法或参数错误,构建配置侧,检查 meson.build 或传入的构建选项,meson_config_error,,,,,"C compiler for the host machine: cc (gcc 15.2.0 ""cc (Debian 15.2.0-17) 15.2.0"") \n C linker for the host machine: cc ld.bfd 2.46 \n meson.build:1:0: ERROR: Could not execute Vala compiler: valac \n A full log can be found at /tmp/ibus.CPo0Hm/build/meson/meson-logs/meson-log.txt",1,meson\.build:.*ERROR,,,
protobuf-c,cmake,configure,构建系统问题,CMake 配置语法或参数错误,构建配置侧,检查 CMakeLists.txt 或传入的 -D 参数,cmake_config_error,,,,,"CMake Error: The source directory ""/home/work/graduation-ci-lab/sources/protobuf-c"" does not appear to contain CMakeLists.txt. \n Specify --help for usage, or press the help button on the CMake GUI.",1,CMake Error:,,,
cpio,autotools-autogen,prepare,未分类错误,规则未覆盖,待人工判断,保留日志片段，后续补充分类规则,unclassified,,,,,chmod: cannot access './autogen.sh': No such file or directory,1,,,,
dracut,cmake,configure,构建系统问题,CMake 配置语法或参数错误,构建配置侧,检查 CMakeLists.txt 或传入的 -D 参数,cmake_config_error,,,,,"CMake Error: The source directory ""/home/work/graduation-ci-lab/sources/dracut"" does not appear to contain CMakeLists.txt. \n Specify --help for usage, or press the help button on the CMake GUI.",1,CMake Error:,,,
texlive-bin,cmake,configure,构建系统问题,CMake 配置语法或参数错误,构建配置侧,检查 CMakeLists.txt 或传入的 -D 参数,cmake_config_error,,,,,"CMake Error: The source directory ""/home/work/graduation-ci-lab/sources/texlive-bin"" does not appear to contain CMakeLists.txt. \n Specify --help for usage, or press the help button on the CMake GUI.",1,CMake Error:,,,
libcdio-paranoia,autotools-autogen,prepare,构建系统问题,Autotools 宏或辅助脚本缺失,构建配置侧,补充 autotools 工具，或执行 autoreconf/bootstrap,autotools_macro_error,,,,,checking for pkg-config... /usr/bin/pkg-config \n checking for libcdio >= 2.0.0... no \n configure: error: Required libcdio library not found. Please get libcdio from http://www.gnu.org/software/libcdio/ and install it.,1,libtoolize ; config\.guess ; config\.sub ; install-sh,,,
gsound,meson,configure,构建系统问题,Meson 配置语法或参数错误,构建配置侧,检查 meson.build 或传入的构建选项,meson_config_error,,,,,"Compiler for C supports arguments -Wstrict-prototypes: YES \n meson.build:29: WARNING: add_languages is missing native:, assuming languages are wanted for both host and build. \n meson.build:29:2: ERROR: Could not execute Vala compiler: valac \n A full log can be found at /tmp/gsound.JWmZ4h/build/meson/meson-logs/meson-log.txt",1,meson\.build:.*ERROR,,,
sphinxbase,autotools-autogen,prepare,构建系统问题,Autotools 宏或辅助脚本缺失,构建配置侧,补充 autotools 工具，或执行 autoreconf/bootstrap,autotools_macro_error,,,,,checking for objdir... .libs \n checking if gcc supports -fno-rtti -fno-exceptions... no \n checking for gcc option to produce PIC... -fPIC -DPIC \n checking if gcc supports -c -o file.o... (cached) yes \n checking whether -lc should be explicitly linked in... no \n checking dynamic linker characteristics... GNU/Linux ld.so \n checking how to hardcode library paths into programs... immediate \n checking for bison... no \n configure: error: You need to install bison,2,libtoolize ; config\.guess ; config\.sub ; install-sh,,,
gjs,meson,configure,环境与网络问题,网络、代理或仓库访问失败,测试环境侧,检查网络、代理、仓库地址和访问权限,network_or_proxy_error,,glib-2.0,,,"Cloning into 'glib'... \n fatal: unable to access 'https://gitlab.gnome.org/GNOME/glib.git/': GnuTLS, handshake failed: The TLS connection was non-properly terminated. \n The Meson build system \n Version: 1.11.1 \n Source dir: /home/work/graduation-ci-lab/sources/gjs \n Build dir: /tmp/gjs.KgmYFG/build/meson \n Build type: native build \n DEPRECATION: WrapDB v1 is deprecated, updated using `meson wrap update zlib` \n Project name: gjs \n Project version: 1.88.0 \n C compiler for the host machine: cc (gcc 15.2.0 ""cc (Debian 15.2.0-17) 15.2.0"") \n C linker for the host machine: cc ld.bfd 2.46 \n C++ compiler for the host machine: c++ (gcc 15.2.0 ""c++ (Debian 15.2.0-17) 15.2.0"") \n C++ linker for the host machine: c++ ld.bfd 2.46 \n Host machine cpu family: x86_64 \n Host machine cpu: x86_64 \n Compiler for C++ supports arguments -fno-strict-aliasing: YES",3,TLS connection was non-properly terminated,,,
libnftnl,autotools-autogen,configure,未分类错误,规则未覆盖,待人工判断,保留日志片段，后续补充分类规则,unclassified,,,,,"checking for pkg-config... /usr/bin/pkg-config \n checking for libmnl >= 1.0.4... no \n configure: error: Package requirements (libmnl >= 1.0.4) were not met: \n Package 'libmnl' not found \n Consider adjusting the PKG_CONFIG_PATH environment variable if you \n installed software in a non-standard prefix. \n Alternatively, you may set the environment variables LIBMNL_CFLAGS \n and LIBMNL_LIBS to avoid the need to call pkg-config. \n See the pkg-config man page for more details.",2,,,,
libinstpatch,cmake,configure,构建系统问题,CMake 配置语法或参数错误,构建配置侧,检查 CMakeLists.txt 或传入的 -D 参数,cmake_config_error,,,,,-- Package 'gobject-2.0' not found \n -- Package 'glib-2.0' not found \n -- Package 'gthread-2.0' not found \n CMake Error at /usr/share/cmake-4.3/Modules/FindPkgConfig.cmake:1093 (message): \n The following required packages were not found: \n - gobject-2.0>=2.12 \n - glib-2.0>=2.12 \n - gthread-2.0>=2.12 \n Call Stack (most recent call first): \n /usr/share/cmake-4.3/Modules/FindPkgConfig.cmake:1166 (_pkg_check_modules_internal) \n CMakeLists.txt:151 (pkg_check_modules),5,CMake Error at ; Configuring incomplete,,,
python-coverage,makefile,test,构建系统问题,make 汇总错误（根因未识别）,待人工判断,make 报错通常是其他根因引起，建议人工查看完整日志,make_aggregate_error,,,,,tox -q -m py \n make: tox: No such file or directory,2,make(\[\d+\])?: \*\*\* .* Error \d+,,,
mate-settings-daemon,autotools-autogen,prepare,未分类错误,规则未覆盖,待人工判断,保留日志片段，后续补充分类规则,unclassified,,,,,You need to install mate-common from the MATE Git,0,,,,
python-msgpack,not_cloned,clone,环境与网络问题,网络、代理或仓库访问失败,测试环境侧,检查网络、代理、仓库地址和访问权限,network_or_proxy_error,,,,,"Cloning into '/home/work/graduation-ci-lab/sources/python-msgpack'... \n fatal: unable to access 'https://github.com/msgpack/msgpack-python/': GnuTLS, handshake failed: The TLS connection was non-properly terminated.",1,TLS connection was non-properly terminated,,,
mailutils,autotools-autogen,prepare,未分类错误,规则未覆盖,待人工判断,保留日志片段，后续补充分类规则,unclassified,,,,,chmod: cannot access './autogen.sh': No such file or directory,1,,,,
nmap,cmake,configure,构建系统问题,CMake 配置语法或参数错误,构建配置侧,检查 CMakeLists.txt 或传入的 -D 参数,cmake_config_error,,,,,"CMake Error: The source directory ""/home/work/graduation-ci-lab/sources/nmap"" does not appear to contain CMakeLists.txt. \n Specify --help for usage, or press the help button on the CMake GUI.",1,CMake Error:,,,
python-multidict,makefile,build,构建系统问题,make 汇总错误（根因未识别）,待人工判断,make 报错通常是其他根因引起，建议人工查看完整日志,make_aggregate_error,,,,,"note: If you believe this is a mistake, please contact your Python installation or OS distribution provider. You can override this, at the risk of breaking your Python installation or OS, by passing - ...[截断] \n hint: See PEP 668 for the detailed specification.",2,make(\[\d+\])?: \*\*\* .* Error \d+,,,
libsdl2,cmake,configure,依赖缺失,CMake 包未找到,测试环境侧,安装对应的 -dev 开发包，或检查 CMAKE_PREFIX_PATH,dependency_cmake_missing,,ALSA,,,-- Could NOT find ALSA (missing: ALSA_LIBRARY ALSA_INCLUDE_DIR) \n CMake Warning at cmake/sdlchecks.cmake:130 (message): \n Unable to find the alsa development library \n Call Stack (most recent call first): \n CMakeLists.txt:1873 (CheckALSA) \n -- Package 'jack' not found \n -- Package 'libpipewire-0.3' not found \n -- Package 'libpulse' not found \n -- Package 'sndio' not found,18,Could NOT find,1,,install_failed
xfconf,meson,configure,依赖缺失,构建工具或命令缺失,测试环境侧,安装提供该命令的软件包,tool_missing,,,,xdt-gen-visibility,Run-time dependency libxfce4util-1.0 found: YES 4.20.1 \n Program xdt-gen-visibility found: NO \n meson.build:35:21: ERROR: Program 'xdt-gen-visibility' not found or not executable \n A full log can be found at /tmp/xfconf.O2YsZz/build/meson/meson-logs/meson-log.txt,1,Program .* not found,1,,install_failed
libxfce4ui,meson,configure,依赖缺失,构建工具或命令缺失,测试环境侧,安装提供该命令的软件包,tool_missing,,,,xdt-gen-visibility,Run-time dependency libxfconf-0 found: YES 4.20.0 \n Program xdt-gen-visibility found: NO \n meson.build:48:21: ERROR: Program 'xdt-gen-visibility' not found or not executable \n A full log can be found at /tmp/libxfce4ui.Bx4yTc/build/meson/meson-logs/meson-log.txt,1,Program .* not found,1,,install_failed
lsof,autotools-autoreconf,build,依赖缺失,构建工具或命令缺失,测试环境侧,安装提供该命令的软件包,tool_missing,,,,,/bin/bash: line 1: soelim: command not found \n mv -f src/.deps/lsof-ptti.Tpo src/.deps/lsof-ptti.Po \n mv -f src/.deps/lsof-print.Tpo src/.deps/lsof-print.Po \n mv -f src/.deps/lsof-arg.Tpo src/.deps/lsof-arg.Po \n mv -f src/.deps/lsof-main.Tpo src/.deps/lsof-main.Po \n make[1]: Leaving directory '/home/work/graduation-ci-lab/sources/lsof',4,command not found,1,,install_failed
rasqal,cmake,configure,构建系统问题,CMake 配置语法或参数错误,构建配置侧,检查 CMakeLists.txt 或传入的 -D 参数,cmake_config_error,,,,,"CMake Error: The source directory ""/home/work/graduation-ci-lab/sources/rasqal"" does not appear to contain CMakeLists.txt. \n Specify --help for usage, or press the help button on the CMake GUI.",1,CMake Error:,0,,not_applicable
libgee-0.8,autotools-autogen,prepare,依赖缺失,文档或手册生成工具缺失,测试环境侧,安装文档工具，或通过构建参数关闭文档生成,doc_tool_missing,,,,,configure.ac:8: installing './missing' \n benchmark/Makefile.am: installing './depcomp' \n gee/Makefile.am:150: error: HAVE_INTROSPECTION does not appear in AM_CONDITIONAL \n autoreconf: error: automake failed with exit status: 1 \n + exit 1,2,gtkdoc,1,,install_failed
qtsvg-opensource-src,cmake,configure,依赖缺失,CMake 包未找到,测试环境侧,安装对应的 -dev 开发包，或检查 CMAKE_PREFIX_PATH,dependency_cmake_missing,,,,,"CMake Error at CMakeLists.txt:14 (find_package): \n Could not find a package configuration file provided by ""Qt6"" (requested \n version 6.12.0) with any of the following names: \n Qt6.cps \n qt6.cps \n Qt6Config.cmake \n qt6-config.cmake \n Add the installation prefix of ""Qt6"" to CMAKE_PREFIX_PATH or set ""Qt6_DIR"" \n to a directory containing one of the above files. If ""Qt6"" provides a \n separate development package or SDK, be sure it has been installed.",1,Could NOT find ; Could not find a package configuration file,1,,install_failed
accountsservice,meson,configure,依赖缺失,Meson 依赖未找到,测试环境侧,安装对应的 -dev 开发包，或关闭对应可选功能,dependency_meson_missing,,polkit-gobject-1,,,"Found CMake: /usr/bin/cmake (4.3.2) \n Run-time dependency polkit-gobject-1 found: NO (tried pkg-config and cmake) \n meson.build:160:21: ERROR: Dependency ""polkit-gobject-1"" not found (tried pkg-config and cmake) \n A full log can be found at /tmp/accountsservice.8tFJr4/build/meson/meson-logs/meson-log.txt",1,Run-time dependency .* found: NO ; Dependency .* not found,1,,install_failed
libieee1284,autotools-bootstrap,build,依赖缺失,构建工具或命令缺失,测试环境侧,安装提供该命令的软件包,tool_missing,,,,,xmlto man -o doc doc/interface.xml \n /bin/bash: line 1: xmlto: command not found,7,command not found,1,,install_failed
kf6-prison,cmake,configure,依赖缺失,CMake 包未找到,测试环境侧,安装对应的 -dev 开发包，或检查 CMAKE_PREFIX_PATH,dependency_cmake_missing,,ECM,,,"-- Could NOT find ECM (missing: ECM_DIR) \n * ECM (required version >= 6.26.0), Extra CMake Modules., <https://commits.kde.org/extra-cmake-modules> \n CMake Error at /usr/share/cmake-4.3/Modules/FeatureSummary.cmake:869 (message): \n feature_summary() Error: REQUIRED package(s) are missing, aborting CMake \n run. \n Call Stack (most recent call first): \n CMakeLists.txt:10 (feature_summary)",2,Could NOT find,1,,install_failed
gnome-autoar,meson,configure,依赖缺失,Meson 依赖未找到,测试环境侧,安装对应的 -dev 开发包，或关闭对应可选功能,dependency_meson_missing,,libarchive,,,"Found CMake: /usr/bin/cmake (4.3.2) \n Run-time dependency libarchive found: NO (tried pkg-config) \n meson.build:88:17: ERROR: Dependency ""libarchive"" not found (tried pkg-config) \n A full log can be found at /tmp/gnome-autoar.QO9dSy/build/meson/meson-logs/meson-log.txt",1,Run-time dependency .* found: NO ; Dependency .* not found,1,,install_failed
gvfs,meson,configure,依赖缺失,Meson 依赖未找到,测试环境侧,安装对应的 -dev 开发包，或关闭对应可选功能,dependency_meson_missing,,gsettings-desktop-schemas,,,"Found CMake: /usr/bin/cmake (4.3.2) \n Run-time dependency gsettings-desktop-schemas found: NO (tried pkg-config and cmake) \n meson.build:239:32: ERROR: Dependency ""gsettings-desktop-schemas"" not found (tried pkg-config and cmake) \n A full log can be found at /tmp/gvfs.gpjhw9/build/meson/meson-logs/meson-log.txt",1,Run-time dependency .* found: NO ; Dependency .* not found,1,,install_failed
kwidgetsaddons,cmake,configure,依赖缺失,CMake 包未找到,测试环境侧,安装对应的 -dev 开发包，或检查 CMAKE_PREFIX_PATH,dependency_cmake_missing,,ECM,,,"-- Could NOT find ECM (missing: ECM_DIR) \n * ECM (required version >= 6.26.0), Extra CMake Modules., <https://commits.kde.org/extra-cmake-modules> \n CMake Error at /usr/share/cmake-4.3/Modules/FeatureSummary.cmake:869 (message): \n feature_summary() Error: REQUIRED package(s) are missing, aborting CMake \n run. \n Call Stack (most recent call first): \n CMakeLists.txt:9 (feature_summary)",2,Could NOT find,1,,install_failed
kauth,cmake,configure,依赖缺失,CMake 包未找到,测试环境侧,安装对应的 -dev 开发包，或检查 CMAKE_PREFIX_PATH,dependency_cmake_missing,,ECM,,,"-- Could NOT find ECM (missing: ECM_DIR) \n * ECM (required version >= 6.26.0), Extra CMake Modules., <https://commits.kde.org/extra-cmake-modules> \n CMake Error at /usr/share/cmake-4.3/Modules/FeatureSummary.cmake:869 (message): \n feature_summary() Error: REQUIRED package(s) are missing, aborting CMake \n run. \n Call Stack (most recent call first): \n CMakeLists.txt:10 (feature_summary)",2,Could NOT find,1,,install_failed
kf6-syntax-highlighting,cmake,configure,依赖缺失,CMake 包未找到,测试环境侧,安装对应的 -dev 开发包，或检查 CMAKE_PREFIX_PATH,dependency_cmake_missing,,,,,"CMake Error at CMakeLists.txt:6 (find_package): \n Could not find a package configuration file provided by ""ECM"" (requested \n version 6.26.0) with any of the following names: \n ECM.cps \n ecm.cps \n ECMConfig.cmake \n ecm-config.cmake \n Add the installation prefix of ""ECM"" to CMAKE_PREFIX_PATH or set ""ECM_DIR"" \n to a directory containing one of the above files. If ""ECM"" provides a \n separate development package or SDK, be sure it has been installed.",1,Could NOT find ; Could not find a package configuration file,1,,install_failed
malcontent,meson,configure,依赖缺失,Meson 依赖未找到,测试环境侧,安装对应的 -dev 开发包，或关闭对应可选功能,dependency_meson_missing,,accountsservice,,,"Found CMake: /usr/bin/cmake (4.3.2) \n Run-time dependency accountsservice found: NO (tried pkg-config and cmake) \n meson.build:34:18: ERROR: Dependency ""accountsservice"" not found (tried pkg-config and cmake) \n A full log can be found at /tmp/malcontent.A7ECLP/build/meson/meson-logs/meson-log.txt",1,Run-time dependency .* found: NO ; Dependency .* not found,1,,install_failed
pcsc-lite,meson,configure,依赖缺失,构建工具或命令缺失,测试环境侧,安装提供该命令的软件包,tool_missing,,,,flex,"Checking for function ""getopt_long"" : YES \n Program flex found: NO \n meson.build:64:21: ERROR: Program 'flex' not found or not executable \n A full log can be found at /tmp/pcsc-lite.57Fjxi/build/meson/meson-logs/meson-log.txt",1,Program .* not found,1,,install_failed
cogl,autotools-autogen,prepare,依赖缺失,文档或手册生成工具缺失,测试环境侧,安装文档工具，或通过构建参数关闭文档生成,doc_tool_missing,,,,,configure.ac:120: installing 'build/install-sh' \n configure.ac:120: installing 'build/missing' \n cogl-gles2/Makefile.am: installing 'build/depcomp' \n automake: error: cannot open < gtk-doc.make: No such file or directory \n autoreconf: error: automake failed with exit status: 1,2,gtk-doc ; gtkdoc,1,,install_failed
geoclue-2.0,meson,configure,依赖缺失,Meson 依赖未找到,测试环境侧,安装对应的 -dev 开发包，或关闭对应可选功能,dependency_meson_missing,,json-glib-1.0,,,"Found CMake: /usr/bin/cmake (4.3.2) \n Run-time dependency json-glib-1.0 found: NO (tried pkg-config and cmake) \n src/meson.build:1:29: ERROR: Dependency ""json-glib-1.0"" not found (tried pkg-config and cmake) \n A full log can be found at /tmp/geoclue-2.0.SACXCh/build/meson/meson-logs/meson-log.txt",1,Run-time dependency .* found: NO ; Dependency .* not found,1,,install_failed
kcodecs,cmake,configure,依赖缺失,CMake 包未找到,测试环境侧,安装对应的 -dev 开发包，或检查 CMAKE_PREFIX_PATH,dependency_cmake_missing,,ECM,,,"-- Could NOT find ECM (missing: ECM_DIR) \n * ECM (required version >= 6.26.0), Extra CMake Modules., <https://commits.kde.org/extra-cmake-modules> \n CMake Error at /usr/share/cmake-4.3/Modules/FeatureSummary.cmake:869 (message): \n feature_summary() Error: REQUIRED package(s) are missing, aborting CMake \n run. \n Call Stack (most recent call first): \n CMakeLists.txt:9 (feature_summary)",2,Could NOT find,1,,install_failed
gupnp-igd,meson,configure,依赖缺失,Meson 依赖未找到,测试环境侧,安装对应的 -dev 开发包，或关闭对应可选功能,dependency_meson_missing,,gupnp-1.6,,,"Executing subproject gupnp-1.6 \n subprojects/gupnp-1.6/meson.build:1:0: ERROR: Unexpected ""[provides]"" section, did you mean ""[provide]""? \n A full log can be found at /tmp/gupnp-igd.cftD4p/build/meson/meson-logs/meson-log.txt",1,Run-time dependency .* found: NO,1,,ai_no_apt
kf6-ktextwidgets,cmake,configure,依赖缺失,CMake 包未找到,测试环境侧,安装对应的 -dev 开发包，或检查 CMAKE_PREFIX_PATH,dependency_cmake_missing,,ECM,,,"-- Could NOT find ECM (missing: ECM_DIR) \n * ECM (required version >= 6.26.0), Extra CMake Modules., <https://commits.kde.org/extra-cmake-modules> \n CMake Error at /usr/share/cmake-4.3/Modules/FeatureSummary.cmake:869 (message): \n feature_summary() Error: REQUIRED package(s) are missing, aborting CMake \n run. \n Call Stack (most recent call first): \n CMakeLists.txt:11 (feature_summary)",2,Could NOT find,1,,install_failed
libgusb,meson,configure,依赖缺失,Meson 依赖未找到,测试环境侧,安装对应的 -dev 开发包，或关闭对应可选功能,dependency_meson_missing,,umockdev-1.0,,,"Run-time dependency gio-2.0 found: YES 2.88.1 \n Run-time dependency libusb-1.0 found: NO (tried pkg-config and cmake) \n meson.build:103:9: ERROR: Dependency ""libusb-1.0"" not found (tried pkg-config and cmake) \n A full log can be found at /tmp/libgusb.R2icTR/build/meson/meson-logs/meson-log.txt",1,Run-time dependency .* found: NO ; Dependency .* not found,1,,install_failed
tinysparql,meson,configure,依赖缺失,Meson 依赖未找到,测试环境侧,安装对应的 -dev 开发包，或关闭对应可选功能,dependency_meson_missing,,gobject-introspection-1.0,,,"Found CMake: /usr/bin/cmake (4.3.2) \n Run-time dependency gobject-introspection-1.0 found: NO (tried pkg-config and cmake) \n meson.build:55:24: ERROR: Dependency ""gobject-introspection-1.0"" not found (tried pkg-config and cmake) \n A full log can be found at /tmp/tinysparql.CKOfCP/build/meson/meson-logs/meson-log.txt",1,Run-time dependency .* found: NO ; Dependency .* not found,1,,install_failed
karchive,cmake,configure,依赖缺失,CMake 包未找到,测试环境侧,安装对应的 -dev 开发包，或检查 CMAKE_PREFIX_PATH,dependency_cmake_missing,,ECM,,,"-- Could NOT find ECM (missing: ECM_DIR) \n * ECM (required version >= 6.26.0), Extra CMake Modules., <https://commits.kde.org/extra-cmake-modules> \n CMake Error at /usr/share/cmake-4.3/Modules/FeatureSummary.cmake:869 (message): \n feature_summary() Error: REQUIRED package(s) are missing, aborting CMake \n run. \n Call Stack (most recent call first): \n CMakeLists.txt:9 (feature_summary)",2,Could NOT find,1,,install_failed
kf6-bluez-qt,cmake,configure,依赖缺失,CMake 包未找到,测试环境侧,安装对应的 -dev 开发包，或检查 CMAKE_PREFIX_PATH,dependency_cmake_missing,,ECM,,,"-- Could NOT find ECM (missing: ECM_DIR) \n * ECM (required version >= 6.26.0), Extra CMake Modules., <https://commits.kde.org/extra-cmake-modules> \n CMake Error at /usr/share/cmake-4.3/Modules/FeatureSummary.cmake:869 (message): \n feature_summary() Error: REQUIRED package(s) are missing, aborting CMake \n run. \n Call Stack (most recent call first): \n CMakeLists.txt:9 (feature_summary)",2,Could NOT find,1,,install_failed
wireplumber,meson,configure,依赖缺失,Meson 依赖未找到,测试环境侧,安装对应的 -dev 开发包，或关闭对应可选功能,dependency_meson_missing,,libspa-0.2,,,"Found CMake: /usr/bin/cmake (4.3.2) \n Run-time dependency libspa-0.2 found: NO (tried pkg-config and cmake) \n meson.build:71:10: ERROR: Dependency ""libspa-0.2"" not found (tried pkg-config and cmake) \n A full log can be found at /tmp/wireplumber.oS1TpV/build/meson/meson-logs/meson-log.txt",1,Run-time dependency .* found: NO ; Dependency .* not found,1,,install_failed
kf6-purpose,cmake,configure,依赖缺失,CMake 包未找到,测试环境侧,安装对应的 -dev 开发包，或检查 CMAKE_PREFIX_PATH,dependency_cmake_missing,,,,,"CMake Error at CMakeLists.txt:5 (find_package): \n Could not find a package configuration file provided by ""ECM"" (requested \n version 6.26.0) with any of the following names: \n ECM.cps \n ecm.cps \n ECMConfig.cmake \n ecm-config.cmake \n Add the installation prefix of ""ECM"" to CMAKE_PREFIX_PATH or set ""ECM_DIR"" \n to a directory containing one of the above files. If ""ECM"" provides a \n separate development package or SDK, be sure it has been installed.",1,Could NOT find ; Could not find a package configuration file,1,,install_failed
libnice,meson,configure,依赖缺失,Meson 依赖未找到,测试环境侧,安装对应的 -dev 开发包，或关闭对应可选功能,dependency_meson_missing,,gnutls,,,"Library crypto found: NO \n Library eay32 found: NO \n meson.build:284:4: ERROR: Problem encountered: Either GnuTLS or OpenSSL is required as crypto library, but neither was found \n A full log can be found at /tmp/libnice.Qn2UOO/build/meson/meson-logs/meson-log.txt",2,Run-time dependency .* found: NO,1,,install_failed
gspell,meson,configure,依赖缺失,Meson 依赖未找到,测试环境侧,安装对应的 -dev 开发包，或关闭对应可选功能,dependency_meson_missing,,enchant-2,,,"Found CMake: /usr/bin/cmake (4.3.2) \n Run-time dependency enchant-2 found: NO (tried pkg-config and cmake) \n meson.build:24:2: ERROR: Dependency ""enchant-2"" not found (tried pkg-config and cmake) \n A full log can be found at /tmp/gspell.wuE3d4/build/meson/meson-logs/meson-log.txt",1,Run-time dependency .* found: NO ; Dependency .* not found,1,,install_failed
libgsf,autotools-autogen,prepare,依赖缺失,文档或手册生成工具缺失,测试环境侧,安装文档工具，或通过构建参数关闭文档生成,doc_tool_missing,,,,,aclocal: installing 'm4/pkg.m4' from '/usr/share/aclocal/pkg.m4' \n aclocal: installing 'm4/po.m4' from '/usr/share/aclocal/po.m4' \n aclocal: installing 'm4/progtest.m4' from '/usr/share/aclocal/progtest.m4' \n ./autogen.sh: 21: gtkdocize: not found,1,gtkdoc,1,,install_failed
libpeas,meson,configure,依赖缺失,Meson 依赖未找到,测试环境侧,安装对应的 -dev 开发包，或关闭对应可选功能,dependency_meson_missing,,girepository-2.0,,,"Found CMake: /usr/bin/cmake (4.3.2) \n Run-time dependency girepository-2.0 found: NO (tried pkg-config and cmake) \n meson.build:114:20: ERROR: Dependency ""girepository-2.0"" not found (tried pkg-config and cmake) \n A full log can be found at /tmp/libpeas.tm2T8x/build/meson/meson-logs/meson-log.txt",1,Run-time dependency .* found: NO ; Dependency .* not found,1,,install_failed
kwindowsystem,cmake,configure,依赖缺失,CMake 包未找到,测试环境侧,安装对应的 -dev 开发包，或检查 CMAKE_PREFIX_PATH,dependency_cmake_missing,,ECM,,,"-- Could NOT find ECM (missing: ECM_DIR) \n * ECM (required version >= 6.26.0), Extra CMake Modules., <https://commits.kde.org/extra-cmake-modules> \n CMake Error at /usr/share/cmake-4.3/Modules/FeatureSummary.cmake:869 (message): \n feature_summary() Error: REQUIRED package(s) are missing, aborting CMake \n run. \n Call Stack (most recent call first): \n CMakeLists.txt:10 (feature_summary)",2,Could NOT find,1,,install_failed
libpwquality,autotools-autogen,configure,依赖缺失,构建工具或命令缺失,测试环境侧,安装提供该命令的软件包,tool_missing,,,,,checking where the gettext function comes from... libc \n checking for pam_start in -lpam... no \n checking for pam_modutil_check_user_in_passwd in -lpam... no \n checking python version... ./configure: line 17822: python: command not found \n checking python site directory... ${exec_prefix}/lib/python/site-packages \n checking for crack.h... no \n configure: error: No or unusable cracklib library,3,command not found,1,,install_failed
kf6-kparts,cmake,configure,依赖缺失,CMake 包未找到,测试环境侧,安装对应的 -dev 开发包，或检查 CMAKE_PREFIX_PATH,dependency_cmake_missing,,ECM,,,"-- Could NOT find ECM (missing: ECM_DIR) \n * ECM (required version >= 6.26.0), Extra CMake Modules., <https://commits.kde.org/extra-cmake-modules> \n CMake Error at /usr/share/cmake-4.3/Modules/FeatureSummary.cmake:869 (message): \n feature_summary() Error: REQUIRED package(s) are missing, aborting CMake \n run. \n Call Stack (most recent call first): \n CMakeLists.txt:10 (feature_summary)",2,Could NOT find,1,,install_failed
exempi,meson,build,依赖缺失,头文件缺失,测试环境侧,安装提供该头文件的 -dev 包,dependency_header_missing,boost/test/included/unit_test.hpp,,,,FAILED: [code=1] exempi/testxmpfileswrite_exe.p/tests_test-xmpfiles-write.cpp.o \n ../../../../home/work/graduation-ci-lab/sources/exempi/exempi/tests/test-xmpfiles-write.cpp:44:10: fatal error: boost/test/included/unit_test.hpp: No such file or directory \n 44 | #include <boost/test/included/unit_test.hpp> \n | ^~~~~~~~~~~~~~~~~~~~~~~~~~~~~~~~~~~ \n compilation terminated. \n FAILED: [code=1] exempi/testfdo18635_exe.p/tests_utils.cpp.o \n ../../../../home/work/graduation-ci-lab/sources/exempi/exempi/tests/utils.cpp:41:10: fatal error: boost/test/unit_test.hpp: No such file or directory \n 41 | #include <boost/test/unit_test.hpp> \n | ^~~~~~~~~~~~~~~~~~~~~~~~~~ \n compilation terminated. \n FAILED: [code=1] exempi/testinit_exe.p/tests_utils.cpp.o \n ../../../../home/work/graduation-ci-lab/sources/exempi/exempi/tests/utils.cpp:41:10: fatal error: boost/test/unit_test.hpp: No such file or directory \n 41 | #include <boost/test/unit_test.hpp>,55,fatal error: .*\.h(?:pp|xx|\+\+)?: No such file or directory,1,,install_failed
kiconthemes,cmake,configure,依赖缺失,CMake 包未找到,测试环境侧,安装对应的 -dev 开发包，或检查 CMAKE_PREFIX_PATH,dependency_cmake_missing,,ECM,,,"-- Could NOT find ECM (missing: ECM_DIR) \n * ECM (required version >= 6.26.0), Extra CMake Modules., <https://commits.kde.org/extra-cmake-modules> \n CMake Error at /usr/share/cmake-4.3/Modules/FeatureSummary.cmake:869 (message): \n feature_summary() Error: REQUIRED package(s) are missing, aborting CMake \n run. \n Call Stack (most recent call first): \n CMakeLists.txt:11 (feature_summary)",2,Could NOT find,1,,install_failed
libsoup2.4,meson,configure,依赖缺失,Meson 依赖未找到,测试环境侧,安装对应的 -dev 开发包，或关闭对应可选功能,dependency_meson_missing,,libnghttp2,,,"Found CMake: /usr/bin/cmake (4.3.2) \n Run-time dependency libnghttp2 found: NO (tried pkg-config and cmake) \n meson.build:118:17: ERROR: Dependency ""libnghttp2"" not found (tried pkg-config and cmake) \n A full log can be found at /tmp/libsoup2.4.lZwaeu/build/meson/meson-logs/meson-log.txt",1,Run-time dependency .* found: NO ; Dependency .* not found,1,,install_failed
kdbusaddons,cmake,configure,依赖缺失,CMake 包未找到,测试环境侧,安装对应的 -dev 开发包，或检查 CMAKE_PREFIX_PATH,dependency_cmake_missing,,ECM,,,"-- Could NOT find ECM (missing: ECM_DIR) \n * ECM (required version >= 6.26.0), Extra CMake Modules., <https://commits.kde.org/extra-cmake-modules> \n CMake Error at /usr/share/cmake-4.3/Modules/FeatureSummary.cmake:869 (message): \n feature_summary() Error: REQUIRED package(s) are missing, aborting CMake \n run. \n Call Stack (most recent call first): \n CMakeLists.txt:9 (feature_summary)",2,Could NOT find,1,,install_failed
libosinfo,meson,configure,依赖缺失,Meson 依赖未找到,测试环境侧,安装对应的 -dev 开发包，或关闭对应可选功能,dependency_meson_missing,,libsoup-3.0,,,"Run-time dependency libsoup-2.4 found: NO (tried pkg-config and cmake) \n Run-time dependency libxml-2.0 found: NO (tried pkg-config and cmake) \n meson.build:80:13: ERROR: Dependency ""libxml-2.0"" not found (tried pkg-config and cmake) \n A full log can be found at /tmp/libosinfo.hii0Lt/build/meson/meson-logs/meson-log.txt",3,Run-time dependency .* found: NO ; Dependency .* not found,1,,install_failed
gtk-layer-shell,meson,configure,依赖缺失,Meson 依赖未找到,测试环境侧,安装对应的 -dev 开发包，或关闭对应可选功能,dependency_meson_missing,,gobject-introspection-1.0,,,"Found CMake: /usr/bin/cmake (4.3.2) \n Run-time dependency gobject-introspection-1.0 found: NO (tried pkg-config and cmake) \n src/meson.build:30:16: ERROR: Dependency ""gobject-introspection-1.0"" not found (tried pkg-config and cmake) \n A full log can be found at /tmp/gtk-layer-shell.lKt7lw/build/meson/meson-logs/meson-log.txt",1,Run-time dependency .* found: NO ; Dependency .* not found,1,,install_failed
ktextaddons,cmake,configure,依赖缺失,CMake 包未找到,测试环境侧,安装对应的 -dev 开发包，或检查 CMAKE_PREFIX_PATH,dependency_cmake_missing,,ECM,,,-- Could NOT find ECM (missing: ECM_DIR) \n CMake Error at CMakeLists.txt:29 (include): \n include could not find requested file: \n KDEInstallDirs \n CMake Error at CMakeLists.txt:30 (include): \n include could not find requested file: \n KDEFrameworkCompilerSettings \n CMake Error at CMakeLists.txt:31 (include): \n include could not find requested file:,12,Could NOT find,1,,install_failed
vte2.91,meson,configure,依赖缺失,Meson 依赖未找到,测试环境侧,安装对应的 -dev 开发包，或关闭对应可选功能,dependency_meson_missing,,liblz4,,,"Found CMake: /usr/bin/cmake (4.3.2) \n Run-time dependency liblz4 found: NO (tried pkg-config and cmake) \n meson.build:672:20: ERROR: Dependency ""liblz4"" not found (tried pkg-config and cmake) \n A full log can be found at /tmp/vte2.91.fXuddl/build/meson/meson-logs/meson-log.txt",1,Run-time dependency .* found: NO ; Dependency .* not found,1,,install_failed
gnome-settings-daemon,meson,configure,依赖缺失,Meson 依赖未找到,测试环境侧,安装对应的 -dev 开发包，或关闭对应可选功能,dependency_meson_missing,,geocode-glib-2.0,,,"Run-time dependency geocode-glib-2.0 found: NO (tried pkg-config and cmake) \n Run-time dependency geocode-glib-1.0 found: NO (tried pkg-config and cmake) \n meson.build:98:21: ERROR: Dependency ""geocode-glib-1.0"" not found (tried pkg-config and cmake) \n A full log can be found at /tmp/gnome-settings-daemon.te8scs/build/meson/meson-logs/meson-log.txt",1,Run-time dependency .* found: NO ; Dependency .* not found,1,,install_failed
openssh,autotools-autoreconf,configure,依赖缺失,文档或手册生成工具缺失,测试环境侧,安装文档工具，或通过构建参数关闭文档生成,doc_tool_missing,,,,,"checking for openssl... /usr/bin/openssl \n configure: error: *** working libcrypto not found, check config.log",1,manpage,1,,install_failed
pocketsphinx,cmake,test,依赖缺失,CMake 包未找到,测试环境侧,安装对应的 -dev 开发包，或检查 CMAKE_PREFIX_PATH,dependency_cmake_missing,,,,,Start 7: test-tidigits-simple.sh \n 7/104 Test #7: test-tidigits-simple.sh .......... Passed 0.45 sec \n Start 8: test_acmod \n Could not find executable /tmp/pocketsphinx.HRLMll/build/cmake/test_acmod \n Looked in the following places: \n /tmp/pocketsphinx.HRLMll/build/cmake/test_acmod \n /tmp/pocketsphinx.HRLMll/build/cmake/Release/test_acmod \n /tmp/pocketsphinx.HRLMll/build/cmake/Debug/test_acmod \n /tmp/pocketsphinx.HRLMll/build/cmake/MinSizeRel/test_acmod \n /tmp/pocketsphinx.HRLMll/build/cmake/RelWithDebInfo/test_acmod \n /tmp/pocketsphinx.HRLMll/build/cmake/Deployment/test_acmod \n /tmp/pocketsphinx.HRLMll/build/cmake/Development/test_acmod,206,Could NOT find,1,,ai_no_apt
light-locker,meson,configure,依赖缺失,Meson 依赖未找到,测试环境侧,安装对应的 -dev 开发包，或关闭对应可选功能,dependency_meson_missing,,dbus-glib-1,,,"Found CMake: /usr/bin/cmake (4.3.2) \n Run-time dependency dbus-glib-1 found: NO (tried pkg-config and cmake) \n meson.build:11:16: ERROR: Dependency ""dbus-glib-1"" not found (tried pkg-config and cmake) \n A full log can be found at /tmp/light-locker.OePzOG/build/meson/meson-logs/meson-log.txt",1,Run-time dependency .* found: NO ; Dependency .* not found,1,,install_failed
java-atk-wrapper,autotools-autogen,prepare,依赖缺失,pkg-config 包未找到,测试环境侧,安装对应的 -dev 开发包,dependency_pkgconfig_missing,,gobject-introspection-1.0,,,wrapper/org/GNOME/Accessibility/Makefile.am:8: (probably a GNU make extension) \n wrapper/org/GNOME/Accessibility/Makefile.am:14: warning: '%'-style pattern rules are a GNU make extension \n autoreconf: Leaving directory '.' \n Package gobject-introspection-1.0 was not found in the pkg-config search path. \n Perhaps you should add the directory containing `gobject-introspection-1.0.pc' \n to the PKG_CONFIG_PATH environment variable \n Package 'gobject-introspection-1.0' not found \n You probably need to install 'libgirepository1.0-dev',2,Package .* was not found,1,,install_failed
xfce4-clipman-plugin,meson,configure,依赖缺失,Meson 依赖未找到,测试环境侧,安装对应的 -dev 开发包，或关闭对应可选功能,dependency_meson_missing,,libxfce4panel-2.0,,,"Found CMake: /usr/bin/cmake (4.3.2) \n Run-time dependency libxfce4panel-2.0 found: NO (tried pkg-config and cmake) \n meson.build:35:16: ERROR: Dependency ""libxfce4panel-2.0"" not found (tried pkg-config and cmake) \n A full log can be found at /tmp/xfce4-clipman-plugin.PkzOBc/build/meson/meson-logs/meson-log.txt",1,Run-time dependency .* found: NO ; Dependency .* not found,1,,install_failed
volume-key,not_cloned,clone,未分类错误,规则未覆盖,待人工判断,保留日志片段，后续补充分类规则,unclassified,,,,,Cloning into '/home/work/graduation-ci-lab/sources/volume-key'... \n fatal: repository 'https://pagure.io/volume_key/tree/' not found,1,,0,,not_applicable
libmanette,meson,configure,依赖缺失,Meson 依赖未找到,测试环境侧,安装对应的 -dev 开发包，或关闭对应可选功能,dependency_meson_missing,,gudev-1.0,,,"Run-time dependency gudev-1.0 found: NO (tried pkg-config and cmake) \n Run-time dependency libevdev found: NO (tried pkg-config and cmake) \n meson.build:28:11: ERROR: Dependency ""libevdev"" not found (tried pkg-config and cmake) \n A full log can be found at /tmp/libmanette.rugUWs/build/meson/meson-logs/meson-log.txt",1,Run-time dependency .* found: NO ; Dependency .* not found,1,,install_failed
gcr,meson,configure,依赖缺失,构建工具或命令缺失,测试环境侧,安装提供该命令的软件包,tool_missing,,,,,Run-time dependency gio-unix-2.0 found: YES 2.88.1 \n Program gpg2 gpg found: NO \n meson.build:65:13: ERROR: Program 'gpg2 gpg' not found or not executable \n A full log can be found at /tmp/gcr.VQVIPn/build/meson/meson-logs/meson-log.txt,1,Program .* not found,1,,install_failed
clucene-core,not_cloned,clone,未分类错误,规则未覆盖,待人工判断,保留日志片段，后续补充分类规则,unclassified,,,,,Cloning into '/home/work/graduation-ci-lab/sources/clucene-core'... \n remote: This is a webpage not a git repo \n fatal: repository 'https://sourceforge.net/p/clucene/code/ci/master/tree/' not found,1,,0,,not_applicable
libhandy-1,meson,configure,依赖缺失,Meson 依赖未找到,测试环境侧,安装对应的 -dev 开发包，或关闭对应可选功能,dependency_meson_missing,,gladeui-2.0,,,"Checking if ""ld_supports_version_script"" links: YES \n Run-time dependency gobject-introspection-1.0 found: NO (tried pkg-config and cmake) \n src/meson.build:300:24: ERROR: Dependency ""gobject-introspection-1.0"" not found (tried pkg-config and cmake) \n A full log can be found at /tmp/libhandy-1.xn4OR1/build/meson/meson-logs/meson-log.txt",1,Run-time dependency .* found: NO ; Dependency .* not found,1,,install_failed
redland,not_cloned,clone,未分类错误,规则未覆盖,待人工判断,保留日志片段，后续补充分类规则,unclassified,,,,,Cloning into '/home/work/graduation-ci-lab/sources/redland'... \n fatal: repository 'https://github.com/ropensci/redland-bindings/tree/master/' not found,1,,0,,not_applicable
libcmis,autotools-autogen,prepare,构建系统问题,Autotools 宏或辅助脚本缺失,构建配置侧,补充 autotools 工具，或执行 autoreconf/bootstrap,autotools_macro_error,,,,,checking for objdir... .libs \n checking if gcc supports -fno-rtti -fno-exceptions... no \n checking for gcc option to produce PIC... -fPIC -DPIC \n checking if gcc supports -c -o file.o... (cached) yes \n checking whether -lc should be explicitly linked in... no \n checking dynamic linker characteristics... GNU/Linux ld.so \n checking how to hardcode library paths into programs... immediate \n checking how to run the C++ preprocessor... g++ -E \n checking for ld used by g++... /usr/bin/x86_64-linux-gnu-ld -m elf_x86_64,2,AC_PROG_LIBTOOL ; libtoolize ; config\.guess ; config\.sub ; install-sh,0,,not_applicable
sane-backends,autotools-autogen,prepare,依赖缺失,CMake 包未找到,测试环境侧,安装对应的 -dev 开发包，或检查 CMAKE_PREFIX_PATH,dependency_cmake_missing,,,,,"configure.ac:198: You should run autoupdate. \n ./lib/autoconf/headers.m4:663: AC_HEADER_STDC is expanded from... \n configure.ac:198: the top level \n It seems 'aclocal' could not find the autoconf macros used to check \n for C++ standard's compliance. \n These macros are available in the 'autoconf-archive'. If you have \n this archive installed, it is probably installed in a location that \n is not searched by default. In that case, please note this via: \n sane-devel@alioth-lists.debian.net \n If you haven't installed the 'autoconf-archive', please do so and \n rerun: \n ./autogen.sh \n If the 'autoconf-archive' is not packaged for your operating system, \n you can find the sources at:",1,Could NOT find,1,,install_failed
libaccounts-glib,meson,configure,依赖缺失,Meson 依赖未找到,测试环境侧,安装对应的 -dev 开发包，或关闭对应可选功能,dependency_meson_missing,,libxml-2.0,,,"Found CMake: /usr/bin/cmake (4.3.2) \n Run-time dependency libxml-2.0 found: NO (tried pkg-config and cmake) \n meson.build:15:13: ERROR: Dependency ""libxml-2.0"" not found (tried pkg-config and cmake) \n A full log can be found at /tmp/libaccounts-glib.GJDDVl/build/meson/meson-logs/meson-log.txt",1,Run-time dependency .* found: NO ; Dependency .* not found,1,,install_failed
qt6-shadertools,not_cloned,clone,未分类错误,规则未覆盖,待人工判断,保留日志片段，后续补充分类规则,unclassified,,,,,Cloning into '/home/work/graduation-ci-lab/sources/qt6-shadertools'... \n fatal: repository 'https://code.qt.io/cgit/qt/qtshadertools.git/' not found,1,,0,,not_applicable
kaccounts-integration,cmake,configure,依赖缺失,CMake 包未找到,测试环境侧,安装对应的 -dev 开发包，或检查 CMAKE_PREFIX_PATH,dependency_cmake_missing,,,,,"CMake Error at CMakeLists.txt:28 (find_package): \n Could not find a package configuration file provided by ""ECM"" (requested \n version 6.1.0) with any of the following names: \n ECM.cps \n ecm.cps \n ECMConfig.cmake \n ecm-config.cmake \n Add the installation prefix of ""ECM"" to CMAKE_PREFIX_PATH or set ""ECM_DIR"" \n to a directory containing one of the above files. If ""ECM"" provides a \n separate development package or SDK, be sure it has been installed.",1,Could NOT find ; Could not find a package configuration file,1,,install_failed
qt6-webchannel,not_cloned,clone,未分类错误,规则未覆盖,待人工判断,保留日志片段，后续补充分类规则,unclassified,,,,,Cloning into '/home/work/graduation-ci-lab/sources/qt6-webchannel'... \n fatal: repository 'https://code.qt.io/cgit/qt/qtwebchannel.git/' not found,1,,0,,not_applicable
libgxps,meson,configure,依赖缺失,Meson 依赖未找到,测试环境侧,安装对应的 -dev 开发包，或关闭对应可选功能,dependency_meson_missing,,libarchive,,,"Found CMake: /usr/bin/cmake (4.3.2) \n Run-time dependency libarchive found: NO (tried pkg-config) \n meson.build:145:14: ERROR: Dependency ""libarchive"" not found (tried pkg-config) \n A full log can be found at /tmp/libgxps.yKOJks/build/meson/meson-logs/meson-log.txt",1,Run-time dependency .* found: NO ; Dependency .* not found,1,,install_failed
libfido2,cmake,configure,依赖缺失,CMake 包未找到,测试环境侧,安装对应的 -dev 开发包，或检查 CMAKE_PREFIX_PATH,dependency_cmake_missing,,,,,CMake Error at CMakeLists.txt:231 (message): \n could not find libcbor,10,Could NOT find,1,,install_failed
kguiaddons,cmake,configure,依赖缺失,CMake 包未找到,测试环境侧,安装对应的 -dev 开发包，或检查 CMAKE_PREFIX_PATH,dependency_cmake_missing,,ECM,,,"-- Could NOT find ECM (missing: ECM_DIR) \n * ECM (required version >= 6.26.0), Extra CMake Modules., <https://commits.kde.org/extra-cmake-modules> \n CMake Error at /usr/share/cmake-4.3/Modules/FeatureSummary.cmake:869 (message): \n feature_summary() Error: REQUIRED package(s) are missing, aborting CMake \n run. \n Call Stack (most recent call first): \n CMakeLists.txt:9 (feature_summary)",2,Could NOT find,1,,install_failed
coreutils,autotools-autogen,prepare,未分类错误,规则未覆盖,待人工判断,保留日志片段，后续补充分类规则,unclassified,,,,,chmod: cannot access './autogen.sh': No such file or directory,1,,0,,not_applicable
libnma,meson,configure,依赖缺失,Meson 依赖未找到,测试环境侧,安装对应的 -dev 开发包，或关闭对应可选功能,dependency_meson_missing,,iso-codes,,,"Found CMake: /usr/bin/cmake (4.3.2) \n Run-time dependency iso-codes found: NO (tried pkg-config and cmake) \n meson.build:127:18: ERROR: Dependency ""iso-codes"" not found (tried pkg-config and cmake) \n A full log can be found at /tmp/libnma.Pk4jVq/build/meson/meson-logs/meson-log.txt",1,Run-time dependency .* found: NO ; Dependency .* not found,1,,install_failed
cracklib2,autotools-autogen,prepare,未分类错误,规则未覆盖,待人工判断,保留日志片段，后续补充分类规则,unclassified,,,,,chmod: cannot access './autogen.sh': No such file or directory,1,,0,,not_applicable
kf6-ksvg,cmake,configure,依赖缺失,CMake 包未找到,测试环境侧,安装对应的 -dev 开发包，或检查 CMAKE_PREFIX_PATH,dependency_cmake_missing,,ECM,,,"-- Could NOT find ECM (missing: ECM_DIR) \n * ECM (required version >= 6.26.0), Extra CMake Modules., <https://commits.kde.org/extra-cmake-modules> \n CMake Error at /usr/share/cmake-4.3/Modules/FeatureSummary.cmake:869 (message): \n feature_summary() Error: REQUIRED package(s) are missing, aborting CMake \n run. \n Call Stack (most recent call first): \n CMakeLists.txt:11 (feature_summary)",2,Could NOT find,1,,install_failed
kconfigwidgets,cmake,configure,依赖缺失,CMake 包未找到,测试环境侧,安装对应的 -dev 开发包，或检查 CMAKE_PREFIX_PATH,dependency_cmake_missing,,ECM,,,"-- Could NOT find ECM (missing: ECM_DIR) \n * ECM (required version >= 6.26.0), Extra CMake Modules., <https://commits.kde.org/extra-cmake-modules> \n CMake Error at /usr/share/cmake-4.3/Modules/FeatureSummary.cmake:869 (message): \n feature_summary() Error: REQUIRED package(s) are missing, aborting CMake \n run. \n Call Stack (most recent call first): \n CMakeLists.txt:10 (feature_summary)",2,Could NOT find,1,,install_failed
libplasma,cmake,configure,依赖缺失,CMake 包未找到,测试环境侧,安装对应的 -dev 开发包，或检查 CMAKE_PREFIX_PATH,dependency_cmake_missing,,,,,"CMake Error at CMakeLists.txt:13 (find_package): \n Could not find a package configuration file provided by ""ECM"" (requested \n version 6.24.0) with any of the following names: \n ECM.cps \n ecm.cps \n ECMConfig.cmake \n ecm-config.cmake \n Add the installation prefix of ""ECM"" to CMAKE_PREFIX_PATH or set ""ECM_DIR"" \n to a directory containing one of the above files. If ""ECM"" provides a \n separate development package or SDK, be sure it has been installed.",1,Could NOT find ; Could not find a package configuration file,1,,install_failed
libei,meson,configure,依赖缺失,Meson 依赖未找到,测试环境侧,安装对应的 -dev 开发包，或关闭对应可选功能,dependency_meson_missing,,epoll-shim,,,Program xmllint found: NO \n Program python3 (jinja2) found: NO \n proto/meson.build:17:15: ERROR: python3 is missing modules: jinja2 \n A full log can be found at /tmp/libei.8WPqFm/build/meson/meson-logs/meson-log.txt,1,Run-time dependency .* found: NO,1,,install_failed
iproute2,autotools-configure,build,构建系统问题,make 汇总错误（根因未识别）,待人工判断,make 报错通常是其他根因引起，建议人工查看完整日志,make_aggregate_error,,,,,/bin/sh: 1: bison: not found \n LEX emp_ematch.lex.c \n /bin/sh: 1: flex: not found \n CC q_fifo.o,6,make(\[\d+\])?: \*\*\* .* Error \d+,0,,not_applicable
gexiv2,meson,configure,依赖缺失,Meson 依赖未找到,测试环境侧,安装对应的 -dev 开发包，或关闭对应可选功能,dependency_meson_missing,,exiv2,,,"Found CMake: /usr/bin/cmake (4.3.2) \n Run-time dependency exiv2 found: NO (tried pkg-config and cmake) \n meson.build:20:8: ERROR: Dependency ""exiv2"" not found (tried pkg-config and cmake) \n A full log can be found at /tmp/gexiv2.DcztMP/build/meson/meson-logs/meson-log.txt",1,Run-time dependency .* found: NO ; Dependency .* not found,1,,install_failed
kservice,cmake,configure,依赖缺失,CMake 包未找到,测试环境侧,安装对应的 -dev 开发包，或检查 CMAKE_PREFIX_PATH,dependency_cmake_missing,,ECM,,,"-- Could NOT find ECM (missing: ECM_DIR) \n * ECM (required version >= 6.26.0), Extra CMake Modules., <https://commits.kde.org/extra-cmake-modules> \n CMake Error at /usr/share/cmake-4.3/Modules/FeatureSummary.cmake:869 (message): \n feature_summary() Error: REQUIRED package(s) are missing, aborting CMake \n run. \n Call Stack (most recent call first): \n CMakeLists.txt:16 (feature_summary)",2,Could NOT find,1,,install_failed
clutter-1.0,meson,configure,依赖缺失,Meson 依赖未找到,测试环境侧,安装对应的 -dev 开发包，或关闭对应可选功能,dependency_meson_missing,,cogl-1.0,,,"Found CMake: /usr/bin/cmake (4.3.2) \n Run-time dependency cogl-1.0 found: NO (tried pkg-config and cmake) \n meson.build:65:2: ERROR: Dependency ""cogl-1.0"" not found (tried pkg-config and cmake) \n A full log can be found at /tmp/clutter-1.0.00rwR4/build/meson/meson-logs/meson-log.txt",1,Run-time dependency .* found: NO ; Dependency .* not found,1,,install_failed
dbus-python,meson,configure,依赖缺失,Meson 依赖未找到,测试环境侧,安装对应的 -dev 开发包，或关闭对应可选功能,dependency_meson_missing,,python,,,Found pkg-config: YES (/usr/bin/pkg-config) 2.5.1 \n Run-time dependency python found: NO (tried pkgconfig and sysconfig) \n meson.build:175:11: ERROR: Python dependency not found \n A full log can be found at /tmp/dbus-python.fbbaVH/build/meson/meson-logs/meson-log.txt,1,Run-time dependency .* found: NO,1,,install_failed
packagekit,meson,configure,依赖缺失,Meson 依赖未找到,测试环境侧,安装对应的 -dev 开发包，或关闭对应可选功能,dependency_meson_missing,,sqlite3,,,"Found CMake: /usr/bin/cmake (4.3.2) \n Run-time dependency sqlite3 found: NO (tried pkg-config) \n meson.build:25:14: ERROR: Dependency ""sqlite3"" not found (tried pkg-config) \n A full log can be found at /tmp/packagekit.NIZ8Ld/build/meson/meson-logs/meson-log.txt",1,Run-time dependency .* found: NO ; Dependency .* not found,1,,install_failed
librest,meson,configure,依赖缺失,Meson 依赖未找到,测试环境侧,安装对应的 -dev 开发包，或关闭对应可选功能,dependency_meson_missing,,libsoup-3.0,,,"Found CMake: /usr/bin/cmake (4.3.2) \n Run-time dependency libsoup-3.0 found: NO (tried pkg-config and cmake) \n meson.build:59:14: ERROR: Dependency ""libsoup-3.0"" not found (tried pkg-config and cmake) \n A full log can be found at /tmp/librest.W2Y2fE/build/meson/meson-logs/meson-log.txt",1,Run-time dependency .* found: NO ; Dependency .* not found,1,,install_failed
libb-hooks-op-check-perl,perl,configure,依赖缺失,Perl 模块缺失,测试环境侧,用 cpan 或 apt 安装对应 perl 模块（如 libxxx-perl）,perl_module_missing,,,,,"********************************* WARNING ********************************** \n This module uses Dist::Zilla for development. This Makefile.PL will let you \n run the tests, but you are encouraged to install Dist::Zilla and the needed \n plugins if you intend on doing any serious hacking. \n **************************************************************************** \n Can't locate ExtUtils/Depends.pm in @INC (you may need to install the ExtUtils::Depends module) (@INC entries checked: inc /etc/perl /usr/local/lib/x86_64-linux-gnu/perl/5.40.1 /usr/local/share/perl/5 ...[截断] \n BEGIN failed--compilation aborted at Makefile.PL line 7.",3,Can't locate .* in @INC ; Can't locate .*\.pm in @INC,1,,install_failed
sonnet,cmake,configure,依赖缺失,CMake 包未找到,测试环境侧,安装对应的 -dev 开发包，或检查 CMAKE_PREFIX_PATH,dependency_cmake_missing,,ECM,,,"-- Could NOT find ECM (missing: ECM_DIR) \n * ECM (required version >= 6.26.0), Extra CMake Modules., <https://commits.kde.org/extra-cmake-modules> \n CMake Error at /usr/share/cmake-4.3/Modules/FeatureSummary.cmake:869 (message): \n feature_summary() Error: REQUIRED package(s) are missing, aborting CMake \n run. \n Call Stack (most recent call first): \n CMakeLists.txt:10 (feature_summary)",2,Could NOT find,1,,install_failed
gst-plugins-bad1.0,cmake,configure,构建系统问题,CMake 配置语法或参数错误,构建配置侧,检查 CMakeLists.txt 或传入的 -D 参数,cmake_config_error,,,,,"CMake Error: The source directory ""/home/work/graduation-ci-lab/sources/gst-plugins-bad1.0"" does not appear to contain CMakeLists.txt. \n Specify --help for usage, or press the help button on the CMake GUI.",1,CMake Error:,0,,not_applicable
kcmutils,cmake,configure,依赖缺失,CMake 包未找到,测试环境侧,安装对应的 -dev 开发包，或检查 CMAKE_PREFIX_PATH,dependency_cmake_missing,,ECM,,,"-- Could NOT find ECM (missing: ECM_DIR) \n * ECM (required version >= 6.26.0), Extra CMake Modules., <https://invent.kde.org/frameworks/extra-cmake-modules> \n CMake Error at /usr/share/cmake-4.3/Modules/FeatureSummary.cmake:869 (message): \n feature_summary() Error: REQUIRED package(s) are missing, aborting CMake \n run. \n Call Stack (most recent call first): \n CMakeLists.txt:10 (feature_summary)",2,Could NOT find,1,,install_failed
freeglut,cmake,configure,构建系统问题,CMake 配置语法或参数错误,构建配置侧,检查 CMakeLists.txt 或传入的 -D 参数,cmake_config_error,,,,,CMake Error at CMakeLists.txt:437 (message): \n Failed to find the glu.h header file.,1,CMake Error at ; Configuring incomplete,0,,not_applicable
libmouse-perl,perl,configure,未分类错误,规则未覆盖,待人工判断,保留日志片段，后续补充分类规则,unclassified,,,,,"(Perhaps you need to 'use' the module which defines that package first, \n or make that module available in @INC (@INC contains: /etc/perl /usr/local/lib/x86_64-linux-gnu/perl/5.40.1 /usr/local/share/perl/5.40.1 /usr/lib/x86_64-linux-gnu/perl5/5.40 /usr/share/perl5 /usr/ ...[截断] \n at builder/MyBuilder.pm line 4. \n BEGIN failed--compilation aborted at builder/MyBuilder.pm line 4. \n Compilation failed in require at Build.PL line 13. \n BEGIN failed--compilation aborted at Build.PL line 13.",3,,0,,not_applicable
marco,meson,configure,依赖缺失,Meson 依赖未找到,测试环境侧,安装对应的 -dev 开发包，或关闭对应可选功能,dependency_meson_missing,,mate-desktop-2.0,,,"Found CMake: /usr/bin/cmake (4.3.2) \n Run-time dependency mate-desktop-2.0 found: NO (tried pkg-config and cmake) \n meson.build:163:19: ERROR: Dependency ""mate-desktop-2.0"" not found (tried pkg-config and cmake) \n A full log can be found at /tmp/marco.gA7woI/build/meson/meson-logs/meson-log.txt",1,Run-time dependency .* found: NO ; Dependency .* not found,1,,install_failed
futuresql,cmake,configure,依赖缺失,CMake 包未找到,测试环境侧,安装对应的 -dev 开发包，或检查 CMAKE_PREFIX_PATH,dependency_cmake_missing,,,,,"CMake Error at CMakeLists.txt:19 (find_package): \n Could not find a package configuration file provided by ""ECM"" (requested \n version 5.93.0) with any of the following names: \n ECM.cps \n ecm.cps \n ECMConfig.cmake \n ecm-config.cmake \n Add the installation prefix of ""ECM"" to CMAKE_PREFIX_PATH or set ""ECM_DIR"" \n to a directory containing one of the above files. If ""ECM"" provides a \n separate development package or SDK, be sure it has been installed.",1,Could NOT find ; Could not find a package configuration file,1,,install_failed
libmms,not_cloned,clone,未分类错误,规则未覆盖,待人工判断,保留日志片段，后续补充分类规则,unclassified,,,,,Cloning into '/home/work/graduation-ci-lab/sources/libmms'... \n fatal: unable to access 'https://git.code.sf.net/p/libmms/code libmms-code/': URL rejected: Malformed input to a URL function,1,,0,,not_applicable
sssd,autotools-bootstrap,prepare,未分类错误,规则未覆盖,待人工判断,保留日志片段，后续补充分类规则,unclassified,,,,,没有找到可执行 bootstrap 脚本,0,,0,,not_applicable
transmission,cmake,configure,依赖缺失,CMake 包未找到,测试环境侧,安装对应的 -dev 开发包，或检查 CMAKE_PREFIX_PATH,dependency_cmake_missing,,CURL,,,"CMake Error at /usr/share/cmake-4.3/Modules/FindPackageHandleStandardArgs.cmake:290 (message): \n Could NOT find CURL (missing: CURL_LIBRARY CURL_INCLUDE_DIR) (Required is \n at least version ""7.28.0"") \n Call Stack (most recent call first): \n /usr/share/cmake-4.3/Modules/FindPackageHandleStandardArgs.cmake:654 (_FPHSA_FAILURE_MESSAGE) \n /usr/share/cmake-4.3/Modules/FindCURL.cmake:288 (find_package_handle_standard_args) \n CMakeLists.txt:265 (find_package)",1,Could NOT find,1,,install_failed
rtaudio,cmake,configure,依赖缺失,CMake 包未找到,测试环境侧,安装对应的 -dev 开发包，或检查 CMAKE_PREFIX_PATH,dependency_cmake_missing,,ALSA,,,-- Package 'libpulse-simple' not found \n -- Could NOT find ALSA (missing: ALSA_LIBRARY ALSA_INCLUDE_DIR) \n CMake Error at CMakeLists.txt:133 (message): \n ALSA API requested but no ALSA dev libraries found,3,Could NOT find,1,,install_failed
prison-kf5,cmake,configure,依赖缺失,CMake 包未找到,测试环境侧,安装对应的 -dev 开发包，或检查 CMAKE_PREFIX_PATH,dependency_cmake_missing,,ECM,,,"-- Could NOT find ECM (missing: ECM_DIR) \n * ECM (required version >= 6.26.0), Extra CMake Modules., <https://commits.kde.org/extra-cmake-modules> \n CMake Error at /usr/share/cmake-4.3/Modules/FeatureSummary.cmake:869 (message): \n feature_summary() Error: REQUIRED package(s) are missing, aborting CMake \n run. \n Call Stack (most recent call first): \n CMakeLists.txt:10 (feature_summary)",2,Could NOT find,1,,install_failed
xfce4-session,meson,configure,依赖缺失,Meson 依赖未找到,测试环境侧,安装对应的 -dev 开发包，或关闭对应可选功能,dependency_meson_missing,,libxfce4ui-2,,,"Found CMake: /usr/bin/cmake (4.3.2) \n Run-time dependency libxfce4ui-2 found: NO (tried pkg-config and cmake) \n meson.build:45:13: ERROR: Dependency ""libxfce4ui-2"" not found (tried pkg-config and cmake) \n A full log can be found at /tmp/xfce4-session.KnGZC5/build/meson/meson-logs/meson-log.txt",1,Run-time dependency .* found: NO ; Dependency .* not found,1,,install_failed
xfce4-appfinder,meson,configure,依赖缺失,Meson 依赖未找到,测试环境侧,安装对应的 -dev 开发包，或关闭对应可选功能,dependency_meson_missing,,libxfce4ui-2,,,"Found CMake: /usr/bin/cmake (4.3.2) \n Run-time dependency libxfce4ui-2 found: NO (tried pkg-config and cmake) \n meson.build:29:13: ERROR: Dependency ""libxfce4ui-2"" not found (tried pkg-config and cmake) \n A full log can be found at /tmp/xfce4-appfinder.INE9z4/build/meson/meson-logs/meson-log.txt",1,Run-time dependency .* found: NO ; Dependency .* not found,1,,install_failed
xfce4-pulseaudio-plugin,meson,configure,依赖缺失,Meson 依赖未找到,测试环境侧,安装对应的 -dev 开发包，或关闭对应可选功能,dependency_meson_missing,,libxfce4ui-2,,,"Found CMake: /usr/bin/cmake (4.3.2) \n Run-time dependency libxfce4ui-2 found: NO (tried pkg-config and cmake) \n meson.build:34:13: ERROR: Dependency ""libxfce4ui-2"" not found (tried pkg-config and cmake) \n A full log can be found at /tmp/xfce4-pulseaudio-plugin.SrfsaL/build/meson/meson-logs/meson-log.txt",1,Run-time dependency .* found: NO ; Dependency .* not found,1,,install_failed
graphicsmagick,not_cloned,clone,未分类错误,规则未覆盖,待人工判断,保留日志片段，后续补充分类规则,unclassified,,,,,Cloning into '/home/work/graduation-ci-lab/sources/graphicsmagick'... \n remote: This is a webpage not a git repo \n fatal: repository 'https://sourceforge.net/p/graphicsmagick/code/ci/default/tree/' not found,1,,0,,not_applicable
virglrenderer,meson,configure,依赖缺失,Meson 依赖未找到,测试环境侧,安装对应的 -dev 开发包，或关闭对应可选功能,dependency_meson_missing,,libdrm,,,Configuring config.h using configuration \n Program python3 (yaml) found: NO \n src/gallium/meson.build:72:16: ERROR: python3 is missing modules: yaml \n A full log can be found at /tmp/virglrenderer.0Ns2Rb/build/meson/meson-logs/meson-log.txt,1,Run-time dependency .* found: NO,1,,install_failed
libpadwalker-perl,not_cloned,clone,未分类错误,规则未覆盖,待人工判断,保留日志片段，后续补充分类规则,unclassified,,,,,Cloning into '/home/work/graduation-ci-lab/sources/libpadwalker-perl'... \n fatal: https://metacpan.org/dist/PadWalker/info/refs not valid: is this a git repository?,1,,0,,not_applicable
rpart,makefile,build,依赖缺失,pkg-config 包未找到,测试环境侧,安装对应的 -dev 开发包,dependency_pkgconfig_missing,GL/glut.h,libelf,,,make -C simavr RELEASE=0 \n make[1]: Entering directory '/home/work/graduation-ci-lab/sources/rpart/simavr' \n Package libelf was not found in the pkg-config search path. \n Perhaps you should add the directory containing `libelf.pc' \n to the PKG_CONFIG_PATH environment variable \n Package 'libelf' not found \n CONF obj-x86_64-linux-gnu/cores.deps \n Package libelf was not found in the pkg-config search path. \n Perhaps you should add the directory containing `libelf.pc' \n to the PKG_CONFIG_PATH environment variable \n Package 'libelf' not found \n make obj config \n make[2]: Entering directory '/home/work/graduation-ci-lab/sources/rpart/simavr' \n Package libelf was not found in the pkg-config search path. \n Perhaps you should add the directory containing `libelf.pc' \n to the PKG_CONFIG_PATH environment variable \n Package 'libelf' not found \n CONF sim_core_decl.h,106,Package .* was not found,1,,install_failed
mate-notification-daemon,autotools-autogen,prepare,未分类错误,规则未覆盖,待人工判断,保留日志片段，后续补充分类规则,unclassified,,,,,You need to install mate-common from the MATE Git,0,,0,,not_applicable
fltk1.3,cmake,configure,依赖缺失,CMake 包未找到,测试环境侧,安装对应的 -dev 开发包，或检查 CMAKE_PREFIX_PATH,dependency_cmake_missing,,Doxygen,,,-- POSIX compatible scandir - found \n -- Could NOT find Doxygen (missing: DOXYGEN_EXECUTABLE) \n -- Could NOT find JPEG (missing: JPEG_LIBRARY JPEG_INCLUDE_DIR) \n -- cannot find system jpeg library - using built-in,5,Could NOT find,1,,install_failed
kfilemetadata-kf5,cmake,configure,依赖缺失,CMake 包未找到,测试环境侧,安装对应的 -dev 开发包，或检查 CMAKE_PREFIX_PATH,dependency_cmake_missing,,ECM,,,"-- Could NOT find ECM (missing: ECM_DIR) \n * ECM (required version >= 6.26.0), Extra CMake Modules., <https://commits.kde.org/extra-cmake-modules> \n CMake Error at /usr/share/cmake-4.3/Modules/FeatureSummary.cmake:869 (message): \n feature_summary() Error: REQUIRED package(s) are missing, aborting CMake \n run. \n Call Stack (most recent call first): \n CMakeLists.txt:10 (feature_summary)",2,Could NOT find,1,,install_failed
